Уильям Тенн Недуг;фантастика
Андрей Балабуха Туда, где растёт трава;роман
Брайан Стэблфорд Снежок в аду;фантастика
Роджер Желязны Лёгкая жизнь;фэнтези
Ольга Громыко Один к двум;роман
Пауло Коэльо Алхимик;роман
Сергей Лукьяненко Сердце снарка;фэнтези
Колин Дэйвис Защитники;фэнтези
Эмануэль Сведенборг Смерть богослова;другое
Александр Зорич Серый тюльпан;фэнтези
Дон Тумасонис Открытки с видами;роман
Наталья Болдырева Колдун;фэнтези
Сергей Челяев Пока святые маршируют;детектив
Сергей Волков Тот, кто наливает;детектив
Мюррей Лейнстер Одинокая планета;другое
Шимун Врочек Секретный сад;роман
Эдвард Дансейни Тайна богов;фэнтези
Алексей Пехов Дождь;фэнтези
Том Пардон Защитник демократии;детектив
Михаил Успенский Время Оно;фантастика
Гарри Гаррисон Проникший в скалы;фантастика
Роджер Желязны Рука через галактику;фантастика
Сергей Чекмаев Гладиаторы каменных джунглей;фантастика
Ли Дуглас Брэккет Тени;ужасы
Оул Гоинбэк Край чудес;фэнтези
Пол Андерсон Среди варваров;фэнтези
Джеймс Л. Камбиас Океан слепцов;другое
Ирина Сереброва Дао для топ-менеджера;другое
Наталья Егорова Главред;детектив
Анри Труайя Удивительное приключение мистера Бредборо;детектив
Теодор Старджон Настоящее ничто;ужасы
Барингтон Бейли Подземные путешественники;другое
Влад Копп Интервью с Еленой Бычковой и Натальей Турчаниновой;другое
Евгений Гаркушев Большие деревья;роман
Франсиско де Кеведо Сон о страшном суде;ужасы
Ли Дуглас Брэккет Не люди;фантастика
Роман Афанасьев По морям, по волнам;другое
Джон Бойтон Пристли 31 июня;фантастика
Фредерик Браун Eine kleine Nachtmusik;детектив
Роджер Желязны Свет Угрюмого;фэнтези
Елена Власова Вторая жена Императора;роман
Гарри Гаррисон	 Требуется оправдание;другое
Роберт Шекли Божественное вмешательство;фантастика
Габриель Гарсиа Маркес Похороны Большой Мамы;роман
Хуан Хосе Арреола Баллада;роман
Кир Булычев Спонсора!;фантастика
Майк Гелприн Других таких нет;роман
Урсула Ле Гуин Направление дороги;фэнтези
Андрей Дашков Месть инвалида;детектив
Жерар Клейн Планета семи масок;фантастика
Эрик Фрэнк Рассел Мы с моей тенью;фэнтези
Роберт Шекли Записки о Лангранаке;фантастика
Орсон Скотт Кард Пой и хлопай в ладоши;детектив
Рафаэл Лэфферти Семь дней ужаса;ужасы
Елена Щетинина У каждой женщины есть прошлое;роман
Габриэла Мистраль Похвала песку;другое
Лора Андронова Темными тропами;фэнтези
Хуан Хосе Арреола Предисловие;другое
Пауль Госсен и Сергей Чекмаев Спамелла;фантастика
Гордон Диксон Человек по почте;другое
Филип Жозе Фармер Вторничный ломтик мира;фантастика
Джордж Мартин Башня из пепла;фэнтези
Далия Трускиновская Три глотка светлого пива;роман
Рубен Дарио Таинственная смерть брата Педро;другое
Джек Холдеман Если бы свиньи умели летать;другое
Фредерик Браун Кошки - мышки;детектив
